{"stats":{"minecraft:dropped":{"minecraft:cornflower":1},"minecraft:picked_up":{"minecraft:cornflower":1},"minecraft:mined":{"minecraft:grass":1,"minecraft:tall_grass":8,"minecraft:cornflower":1},"minecraft:custom":{"minecraft:jump":27,"minecraft:time_since_rest":1258,"minecraft:leave_game":1,"minecraft:sprint_one_cm":1921,"minecraft:play_time":1258,"minecraft:damage_taken":60,"minecraft:time_since_death":1258,"minecraft:walk_one_cm":999,"minecraft:total_world_time":1258,"minecraft:drop":1,"minecraft:fall_one_cm":1487,"minecraft:fly_one_cm":5562}},"DataVersion":3120}